iter	F1	Logloss	F1:use_weights=true	F1:use_weights=false
0	0.5917476756	0.5976455811	0.5917476756	0.5099191771
1	0.6595817283	0.5630568937	0.6595817283	0.5374520493
2	0.6626731176	0.5569240026	0.6626731176	0.5427115189
3	0.6629142161	0.5501575929	0.6629142161	0.5475744326
4	0.6631277873	0.5472313254	0.6631277873	0.5454170958
5	0.6656049824	0.5453070649	0.6656049824	0.5499896072
6	0.6744159087	0.5432713457	0.6744159087	0.5549887778
7	0.673362116	0.5420584625	0.673362116	0.5542611895
8	0.6755340598	0.540520929	0.6755340598	0.5605493134
9	0.6753346413	0.5395793518	0.6753346413	0.5610519724
10	0.676931113	0.5390306064	0.676931113	0.56272177
11	0.6772660077	0.5376004401	0.6772660077	0.5635983264
12	0.6815123998	0.5356924746	0.6815123998	0.5676691729
13	0.6895794031	0.5328432543	0.6895794031	0.5709618134
14	0.6918447044	0.5285392309	0.6918447044	0.5716602473
15	0.694220788	0.5272654844	0.694220788	0.5739165654
16	0.6966463795	0.526895845	0.6966463795	0.5749346208
17	0.697580117	0.5260161309	0.697580117	0.5765584023
18	0.6974784802	0.5255255851	0.6974784802	0.5769153022
19	0.6982817128	0.5236162213	0.6982817128	0.5783181358
20	0.6990666383	0.5230261019	0.6990666383	0.5772864322
21	0.6990681298	0.5217153916	0.6990681298	0.5783521809
22	0.7024871829	0.5202355113	0.7024871829	0.5832656377
23	0.70657731	0.5179048626	0.70657731	0.5883071909
24	0.7072533141	0.5159022026	0.7072533141	0.5878775593
25	0.708744879	0.5145504698	0.708744879	0.5905110975
26	0.713079381	0.5115597596	0.713079381	0.5957533687
27	0.7146950803	0.5096051888	0.7146950803	0.5983606557
28	0.7164221076	0.5082005505	0.7164221076	0.598980632
29	0.7200984325	0.5064242558	0.7200984325	0.6022773485
30	0.7225119844	0.5046827498	0.7225119844	0.6055045872
31	0.7222363201	0.5034376204	0.7222363201	0.6050112039
32	0.7229949035	0.5021720225	0.7229949035	0.6063699469
33	0.7225469676	0.5012054741	0.7225469676	0.6052953157
34	0.7265716826	0.4990808675	0.7265716826	0.6089782653
35	0.730887853	0.4970907714	0.730887853	0.6134794965
36	0.7316221754	0.4952642544	0.7316221754	0.6150712831
37	0.7340336477	0.4929985514	0.7340336477	0.6169780666
38	0.7340336477	0.4920039386	0.7340336477	0.6169780666
39	0.7351436773	0.4903182213	0.7351436773	0.6176291793
40	0.7397229029	0.4886623802	0.7397229029	0.6231972375
41	0.73881065	0.4871683908	0.73881065	0.6223577236
42	0.7401442086	0.48630951	0.7401442086	0.6231502129
43	0.7408439218	0.4839234196	0.7408439218	0.6252292643
44	0.7439199684	0.4810517139	0.7439199684	0.6275624112
45	0.7466649648	0.4783805197	0.7466649648	0.6306598985
46	0.752936676	0.4763070309	0.752936676	0.6380467955
47	0.7556537364	0.4736743567	0.7556537364	0.6400486421
48	0.755341661	0.4721614865	0.755341661	0.6400162338
49	0.7550579511	0.4714931356	0.7550579511	0.6394971614
50	0.7612932489	0.4688596748	0.7612932489	0.6468915075
51	0.7643649272	0.4670887483	0.7643649272	0.6506612411
52	0.7645168762	0.4664420461	0.7645168762	0.6506710045
53	0.7651867907	0.4651087258	0.7651867907	0.6510966694
54	0.7687012831	0.4634681401	0.7687012831	0.6548924076
55	0.7705787087	0.462005558	0.7705787087	0.6581039755
56	0.7707278235	0.4616599576	0.7707278235	0.6581092095
57	0.7706460363	0.4596453623	0.7706460363	0.658501735
58	0.7714541974	0.4588577078	0.7714541974	0.6591882521
59	0.7727670928	0.4574413824	0.7727670928	0.6608163265
60	0.7769243743	0.4559208374	0.7769243743	0.6653069549
61	0.7764841384	0.4548991066	0.7764841384	0.6655757824
62	0.7766306818	0.4539066137	0.7766306818	0.6655764513
63	0.7769214318	0.4529411042	0.7769214318	0.6661211129
64	0.7775042113	0.4517409359	0.7775042113	0.6669396111
65	0.7818667747	0.4498084662	0.7818667747	0.6712972421
66	0.7837526189	0.4484576887	0.7837526189	0.6734777278
67	0.7854981703	0.4462667769	0.7854981703	0.6759467758
68	0.7844843114	0.4448917354	0.7844843114	0.6748566749
69	0.7849933517	0.443467614	0.7849933517	0.6755428103
70	0.7855714707	0.4424896223	0.7855714707	0.6760851761
71	0.7886068124	0.4406449528	0.7886068124	0.6793533865
72	0.7902644542	0.4394396242	0.7902644542	0.6811208836
73	0.7906324352	0.4383817205	0.7906324352	0.6818181818
74	0.7934038985	0.4369272172	0.7934038985	0.6859843814
75	0.7934778752	0.4358742047	0.7934778752	0.6861253854
76	0.7953978351	0.4343658946	0.7953978351	0.6875768758
77	0.7949201886	0.4327957349	0.7949201886	0.6877697842
78	0.7962233248	0.4318528305	0.7962233248	0.6894282188
79	0.7971031959	0.4303151684	0.7971031959	0.6908341916
80	0.7991261286	0.4290775015	0.7991261286	0.6933223413
81	0.8029872898	0.4271547342	0.8029872898	0.6974063401
82	0.8034658253	0.4256695189	0.8034658253	0.6988847584
83	0.8053668068	0.4241711538	0.8053668068	0.7017180708
84	0.8058591	0.422872271	0.8058591	0.7021100538
85	0.8075180959	0.4211081647	0.8075180959	0.7042020286
86	0.8106988677	0.4199701653	0.8106988677	0.7072918818
87	0.8109445261	0.4189277189	0.8109445261	0.708048831
88	0.8123174478	0.4170021068	0.8123174478	0.7098778215
89	0.8119401089	0.4157230403	0.8119401089	0.7091435664
90	0.8118849803	0.4144844828	0.8118849803	0.7093167702
91	0.8150627948	0.413717368	0.8150627948	0.7135449077
92	0.8168732449	0.4125096295	0.8168732449	0.7151138716
93	0.8192822213	0.4108716179	0.8192822213	0.7187045879
94	0.8196886895	0.4095993047	0.8196886895	0.7189379797
95	0.8209821205	0.4081423143	0.8209821205	0.7206309672
96	0.8238946509	0.4063617068	0.8238946509	0.7241021383
97	0.8253191137	0.4044735621	0.8253191137	0.7266291901
98	0.8275200407	0.403103019	0.8275200407	0.7292794669
99	0.828380864	0.4018362489	0.828380864	0.7304166667
100	0.8290261691	0.4004987512	0.8290261691	0.7319824525
101	0.8286721374	0.3996564711	0.8286721374	0.7315646543
102	0.8296880411	0.3984040517	0.8296880411	0.7330127535
103	0.8313344593	0.3967049503	0.8313344593	0.7351464435
104	0.8310579136	0.3951730657	0.8310579136	0.7348817744
105	0.8323621688	0.3936023355	0.8323621688	0.7360501567
106	0.8326709202	0.3914327747	0.8326709202	0.7366659695
107	0.8353469273	0.389861227	0.8353469273	0.739148581
108	0.8353813749	0.389560882	0.8353813749	0.7395028201
109	0.8357334799	0.3891303459	0.8357334799	0.7399206183
110	0.8397181322	0.3878002792	0.8397181322	0.7444676409
111	0.840612285	0.3866232644	0.840612285	0.7459753293
112	0.8400594393	0.3854635042	0.8400594393	0.7465882847
113	0.8383664956	0.3839499678	0.8383664956	0.7457841484
114	0.8380077912	0.3832013637	0.8380077912	0.7459345301
115	0.8399344638	0.3819339537	0.8399344638	0.7477857444
116	0.839931159	0.3809603695	0.839931159	0.7483625607
117	0.8429102276	0.3796418878	0.8429102276	0.7514767932
118	0.8420890831	0.3792370958	0.8420890831	0.7501053519
119	0.8436519563	0.3781080489	0.8436519563	0.7515253524
120	0.8442760999	0.3771761717	0.8442760999	0.7522086664
121	0.8459552395	0.3761971684	0.8459552395	0.7547408344
122	0.84782905	0.3754442337	0.84782905	0.7573839662
123	0.8478823621	0.3739171667	0.8478823621	0.7589569642
124	0.8511915618	0.3729733253	0.8511915618	0.7624894157
125	0.8514975912	0.3720834229	0.8514975912	0.7625290759
126	0.8534264111	0.3716149114	0.8534264111	0.7641350211
127	0.8553748106	0.3704948594	0.8553748106	0.7669554194
128	0.8552770435	0.3688258261	0.8552770435	0.7676339759
129	0.8573396802	0.3675021322	0.8573396802	0.7704049184
130	0.858496346	0.3666164894	0.858496346	0.7716101695
131	0.8583859751	0.3655717647	0.8583859751	0.7716769133
132	0.8591318245	0.3648538967	0.8591318245	0.7729202037
133	0.8597001611	0.3632118368	0.8597001611	0.7732089869
134	0.8607940825	0.3628432268	0.8607940825	0.774877997
135	0.861142132	0.362502552	0.861142132	0.7753023552
136	0.8606349459	0.3619079047	0.8606349459	0.7745493107
137	0.8626639437	0.3613751862	0.8626639437	0.7775653282
138	0.863011719	0.36010049	0.863011719	0.7779902273
139	0.8646136698	0.3594183999	0.8646136698	0.7804255319
140	0.8637069709	0.3585793115	0.8637069709	0.7788400255
141	0.8643739145	0.3583965388	0.8643739145	0.7799277057
142	0.8639982339	0.3579241925	0.8639982339	0.7797403703
143	0.8652261527	0.3572683582	0.8652261527	0.781996587
144	0.8650383664	0.3566060701	0.8650383664	0.7819035425
145	0.8659489429	0.3562713405	0.8659489429	0.7826086957
146	0.8672051743	0.3548442375	0.8672051743	0.7846318036
147	0.8674459777	0.3543104431	0.8674459777	0.7851345579
148	0.867660633	0.3534323005	0.867660633	0.7858823529
149	0.8676065876	0.3523519018	0.8676065876	0.7854700855
150	0.8677672569	0.3521115546	0.8677672569	0.7858059
151	0.8675539192	0.3510861788	0.8675539192	0.7859589041
152	0.8685973242	0.3499649163	0.8685973242	0.7872431507
153	0.8700372518	0.3489052164	0.8700372518	0.7884615385
154	0.8713921194	0.348654681	0.8713921194	0.7895073576
155	0.871689898	0.3478095709	0.871689898	0.7904293954
156	0.8711824432	0.3474500078	0.8711824432	0.7896647448
157	0.8727855939	0.3458797169	0.8727855939	0.7921300257
158	0.8739047127	0.3451527424	0.8739047127	0.7935828877
159	0.8744930211	0.3447802556	0.8744930211	0.7945205479
160	0.8752071009	0.3435519937	0.8752071009	0.7951240376
161	0.8742857749	0.3432748371	0.8742857749	0.794684955
162	0.8736274364	0.3417091088	0.8736274364	0.7945028989
163	0.8739511972	0.3410373958	0.8739511972	0.7951859016
164	0.874505668	0.3402880715	0.874505668	0.7954496673
165	0.8750140975	0.3397747236	0.8750140975	0.796220743
166	0.8757068316	0.3396623613	0.8757068316	0.797079665
167	0.8763399045	0.3394931082	0.8763399045	0.7975117975
168	0.8763181022	0.3389069428	0.8763181022	0.7977672821
169	0.8769074066	0.3376728762	0.8769074066	0.7987110634
170	0.8776414917	0.336914864	0.8776414917	0.7990564015
171	0.8783114378	0.335490587	0.8783114378	0.8001717107
172	0.8785756438	0.334942049	0.8785756438	0.8004291845
173	0.8820614888	0.3339641123	0.8820614888	0.8041988003
174	0.8819424912	0.3334317888	0.8819424912	0.8045483802
175	0.88176084	0.3329580315	0.88176084	0.8044644774
176	0.8820050121	0.3328514903	0.8820050121	0.8049828179
177	0.882812166	0.3320048364	0.882812166	0.8054900279
178	0.882812166	0.3313558992	0.882812166	0.8054900279
179	0.8834637554	0.3307275774	0.8834637554	0.8068743287
180	0.8845772906	0.3298767473	0.8845772906	0.8083369145
181	0.885230445	0.3289821736	0.885230445	0.809728799
182	0.8866222141	0.3278146848	0.8866222141	0.8111827957
183	0.8884864381	0.3266180825	0.8884864381	0.8139534884
184	0.8900370915	0.325882819	0.8900370915	0.8157554886
185	0.8879636713	0.3251228628	0.8879636713	0.8134424817
186	0.8883577893	0.3239201797	0.8883577893	0.8145909778
187	0.8898287136	0.3231252249	0.8898287136	0.8162208801
188	0.8911324955	0.3222745219	0.8911324955	0.8174962293
189	0.8912004838	0.3206513087	0.8912004838	0.8179465056
190	0.8916114492	0.3200856221	0.8916114492	0.8188296264
191	0.8918720029	0.3200469742	0.8918720029	0.8190846287
192	0.8916658969	0.3195624102	0.8916658969	0.8195586326
193	0.8932591081	0.3187718491	0.8932591081	0.8223812622
194	0.8934242089	0.3181098993	0.8934242089	0.8227381211
195	0.8935327146	0.317689066	0.8935327146	0.8223570191
196	0.8933677476	0.3170018636	0.8933677476	0.8220008662
197	0.8925858762	0.3164220348	0.8925858762	0.8212351029
198	0.8928333076	0.3158918447	0.8928333076	0.8217692975
199	0.8927508152	0.3155884274	0.8927508152	0.8215911554
200	0.8925589585	0.3152587628	0.8925589585	0.8217929238
201	0.8942758207	0.3148385898	0.8942758207	0.8239635338
202	0.8943459165	0.3146931487	0.8943459165	0.8244241634
203	0.8950201638	0.3138033608	0.8950201638	0.8255763375
204	0.8973379897	0.3130502854	0.8973379897	0.8284409654
205	0.8975038147	0.3122864784	0.8975038147	0.8288013922
206	0.8983653428	0.3114475618	0.8983653428	0.8297455969
207	0.8980229898	0.3109123649	0.8980229898	0.8293107197
208	0.8964869128	0.3106189639	0.8964869128	0.8272114758
209	0.8975758597	0.3098652108	0.8975758597	0.8292682927
210	0.8984274121	0.3095119552	0.8984274121	0.8305010893
211	0.8990193344	0.3085135405	0.8990193344	0.8314802703
212	0.9005274013	0.3070238304	0.9005274013	0.8344631533
213	0.901055197	0.3060027923	0.901055197	0.8346800611
214	0.9025157994	0.3049597509	0.9025157994	0.8363160192
215	0.9028657804	0.304201453	0.9028657804	0.8364587876
216	0.9031239482	0.3037841736	0.9031239482	0.8367124482
217	0.9029410085	0.30306607	0.9029410085	0.836935167
218	0.9027742189	0.3030501943	0.9027742189	0.8365699324
219	0.9029410085	0.3026298697	0.9029410085	0.836935167
220	0.902857606	0.3026071553	0.902857606	0.8367525098
221	0.9039962696	0.3014600792	0.9039962696	0.8370676528
222	0.9039886889	0.3008219801	0.9039886889	0.8373612018
223	0.9050040586	0.3003451312	0.9050040586	0.838962737
224	0.9049206227	0.2997389229	0.9049206227	0.8387799564
225	0.9083132363	0.2983668615	0.9083132363	0.8437363597
226	0.9087319644	0.2972594759	0.9087319644	0.844658073
227	0.9095847578	0.2966249432	0.9095847578	0.8455994759
228	0.9105288209	0.2954523953	0.9105288209	0.8461203139
229	0.9112910555	0.2948248967	0.9112910555	0.847176804
230	0.9107760936	0.2941700796	0.9107760936	0.8469766427
231	0.9111155832	0.2936871287	0.9111155832	0.8474132286
232	0.9114587326	0.2930990124	0.9114587326	0.8475463468
233	0.9119621345	0.2923701934	0.9119621345	0.848656912
234	0.9108599592	0.2919324649	0.9108599592	0.8471615721
235	0.9109478597	0.2912607152	0.9109478597	0.8470434213
236	0.9117031023	0.2905556475	0.9117031023	0.8487101006
237	0.9116154455	0.2894890819	0.9116154455	0.8488295778
238	0.9113520337	0.2889925645	0.9113520337	0.8491889522
239	0.9118639981	0.288578092	0.9118639981	0.8496932515
240	0.9135626019	0.2877093801	0.9135626019	0.851884312
241	0.9136441641	0.2868786437	0.9136441641	0.8523799079
242	0.9148334381	0.2863030154	0.9148334381	0.8537601403
243	0.9141571355	0.2860818114	0.9141571355	0.8525739321
244	0.9144143679	0.2855567697	0.9144143679	0.8525164114
245	0.9152587818	0.2846846472	0.9152587818	0.8540753725
246	0.9148354721	0.2844141488	0.9148354721	0.8534501643
247	0.9155960835	0.2840269413	0.9155960835	0.8548245614
248	0.9144897223	0.2835541511	0.9144897223	0.8539424555
249	0.9151689085	0.2832725878	0.9151689085	0.8548209971
250	0.9172041396	0.2822873655	0.9172041396	0.857456622
251	0.9171196244	0.2814977385	0.9171196244	0.8572683355
252	0.9173717424	0.2809734177	0.9173717424	0.8584635703
253	0.9179650438	0.280040513	0.9179650438	0.8594713656
254	0.9182198417	0.2793406722	0.9182198417	0.8594059406
255	0.9192365358	0.2784498903	0.9192365358	0.8610438229
256	0.920253399	0.2775780292	0.920253399	0.8626845933
257	0.9214404012	0.2767233867	0.9214404012	0.8647097771
258	0.9218624771	0.276168797	0.9218624771	0.86501985
259	0.922539098	0.2753538823	0.922539098	0.8659020732
260	0.923465847	0.274411625	0.923465847	0.8667107292
261	0.9233808272	0.2741146173	0.9233808272	0.8665198238
262	0.9238035316	0.2736975257	0.9238035316	0.8671513549
263	0.9242261933	0.2725836346	0.9242261933	0.8677831644
264	0.9248190751	0.2716279125	0.9248190751	0.8687982359
265	0.9243169064	0.2712606876	0.9243169064	0.8686244204
266	0.925159789	0.2706145874	0.925159789	0.8695652174
267	0.9246547808	0.2699565227	0.9246547808	0.869066019
268	0.9252450067	0.2694554352	0.9252450067	0.8697571744
269	0.9260906008	0.2687117309	0.9260906008	0.871024735
270	0.9270172023	0.267771668	0.9270172023	0.8721572091
271	0.928274807	0.2674134654	0.928274807	0.8734009704
272	0.9290436055	0.2663167862	0.9290436055	0.8751381215
273	0.9307994987	0.2656518401	0.9307994987	0.8768755516
274	0.9307139927	0.2651604259	0.9307139927	0.876682109
275	0.9302129027	0.264628098	0.9302129027	0.8761862723
276	0.9313064922	0.2640442804	0.9313064922	0.8777041943
277	0.9317345092	0.2630792427	0.9317345092	0.8786740331
278	0.9324062772	0.2626544341	0.9324062772	0.879558011
279	0.9322486491	0.2617434501	0.9322486491	0.8798406727
280	0.932842032	0.260837817	0.932842032	0.8808680248
281	0.9335289638	0.2601020955	0.9335289638	0.8824312334
282	0.9344431794	0.2591897653	0.9344431794	0.8832262353
283	0.9346231309	0.2582850602	0.9346231309	0.8839582871
284	0.9348484437	0.2573188072	0.9348484437	0.8831858407
285	0.9346070005	0.257165543	0.9346070005	0.8832779623
286	0.9362066364	0.2560654541	0.9362066364	0.8856382979
287	0.937135262	0.2558254727	0.937135262	0.8871146596
288	0.9376522588	0.255190585	0.9376522588	0.8882966911
289	0.9374798632	0.2543641028	0.9374798632	0.8879023307
290	0.9380835255	0.2541331561	0.9380835255	0.8892841263
291	0.9384188123	0.2535075132	0.9384188123	0.8897287683
292	0.9393482165	0.2528831406	0.9393482165	0.8912124583
293	0.9398453979	0.2524722956	0.9398453979	0.8917055815
294	0.9403530974	0.25186544	0.9403530974	0.8925472747
295	0.940439557	0.2516294221	0.940439557	0.8927458834
296	0.94119555	0.2508307376	0.94119555	0.8938348542
297	0.9422617784	0.2497570597	0.9422617784	0.8946666667
298	0.9433625936	0.2492350689	0.9433625936	0.8965517241
299	0.9429419947	0.2481262434	0.9429419947	0.8959074733
300	0.9436098787	0.2473965177	0.9436098787	0.896797153
301	0.94484457	0.2470677441	0.94484457	0.8980226616
302	0.9458577434	0.2461166551	0.9458577434	0.8997109184
303	0.9453646465	0.2452795328	0.9453646465	0.8992213571
304	0.9457116823	0.244632406	0.9457116823	0.9000222668
305	0.9459444831	0.2436657273	0.9459444831	0.899911032
306	0.9469866023	0.2426573808	0.9469866023	0.9023193577
307	0.9471749645	0.2420746395	0.9471749645	0.9030817329
308	0.9474214966	0.2416616089	0.9474214966	0.9033266354
309	0.9467543202	0.2412168918	0.9467543202	0.9024335789
310	0.9485086308	0.2403254675	0.9485086308	0.9048682448
311	0.9479438973	0.239682953	0.9479438973	0.9045383412
312	0.9477696998	0.2395647871	0.9477696998	0.9041340782
313	0.9482774526	0.2386974815	0.9482774526	0.9049854684
314	0.9496664877	0.2381598033	0.9496664877	0.90625
315	0.9493491786	0.2376719121	0.9493491786	0.9061662198
316	0.9504190962	0.2370265444	0.9504190962	0.9073453896
317	0.9516783749	0.2358447351	0.9516783749	0.9092940125
318	0.9521149991	0.2348541644	0.9521149991	0.9103108924
319	0.9526050435	0.2342885824	0.9526050435	0.9107981221
320	0.9523430087	0.2336910392	0.9523430087	0.9101876676
321	0.9528498939	0.2328015099	0.9528498939	0.9110415735
322	0.9530771984	0.231895734	0.9530771984	0.9109176155
323	0.9543346456	0.2311387146	0.9543346456	0.9128686327
324	0.9542472246	0.2301053273	0.9542472246	0.9126647308
325	0.9537585447	0.2296111624	0.9537585447	0.9121787709
326	0.9541777959	0.229205491	0.9541777959	0.9128296826
327	0.9528498939	0.228439624	0.9528498939	0.9110415735
328	0.9529372729	0.2281570886	0.9529372729	0.9112452493
329	0.9531995062	0.2278863847	0.9531995062	0.9118568233
330	0.953129546	0.2274687269	0.953129546	0.9120214909
331	0.9528672226	0.2270923745	0.9528672226	0.911409396
332	0.9532694079	0.2267410459	0.9532694079	0.9116923765
333	0.9528498939	0.2261201209	0.9528498939	0.9110415735
334	0.9529372729	0.2256208961	0.9529372729	0.9112452493
335	0.9534442501	0.2251287911	0.9534442501	0.9121002013
336	0.9538816364	0.2247346272	0.9538816364	0.9131213614
337	0.9547576138	0.2242936076	0.9547576138	0.9151705566
338	0.9545640734	0.2236619869	0.9545640734	0.9143881667
339	0.956223852	0.2227559776	0.956223852	0.9166293142
340	0.9561361704	0.2222925014	0.9561361704	0.9164239301
341	0.9564869934	0.2215720121	0.9564869934	0.9172460193
342	0.9568380739	0.2210473712	0.9568380739	0.9180695847
343	0.9574818905	0.2203686634	0.9574818905	0.9185916125
344	0.95681872	0.2201948671	0.95681872	0.9176945503
345	0.9570625866	0.2196398619	0.9570625866	0.9179372197
346	0.9572381343	0.2188617521	0.9572381343	0.9183490354
347	0.9577453382	0.2183190205	0.9577453382	0.9192100539
348	0.9584485748	0.2177555424	0.9584485748	0.9208633094
349	0.9582726689	0.2172360183	0.9582726689	0.9204494382
350	0.9584687733	0.2167890168	0.9584687733	0.9212421242
351	0.9590442497	0.216295041	0.9590442497	0.9219347582
352	0.9596192931	0.2154895406	0.9596192931	0.9226270805
353	0.9599044618	0.2151602192	0.9599044618	0.9236314485
354	0.959417213	0.214832782	0.959417213	0.92314627
355	0.9595053681	0.2144402226	0.9595053681	0.9233543733
356	0.9597699307	0.2143030212	0.9597699307	0.9239792466
357	0.9605006535	0.2140087943	0.9605006535	0.9247069432
358	0.9608990197	0.2136019547	0.9608990197	0.9249831043
359	0.9611637051	0.2125475967	0.9611637051	0.9256086564
360	0.9611852957	0.2120848133	0.9611852957	0.9259927798
361	0.9613402431	0.2117724076	0.9613402431	0.9260261615
362	0.9617380991	0.2115261825	0.9617380991	0.9263015551
363	0.9620472587	0.2109313928	0.9620472587	0.9263679351
364	0.9621134671	0.2101276945	0.9621134671	0.9261926193
365	0.9624442381	0.2099229951	0.9624442381	0.9266426643
366	0.9620472587	0.2090384109	0.9620472587	0.9263679351
367	0.96213551	0.2089091289	0.96213551	0.9265765766
368	0.9618044796	0.2083822116	0.9618044796	0.9261261261
369	0.9623781771	0.2078569924	0.9623781771	0.9268182842
370	0.9639659801	0.2069979021	0.9639659801	0.9292474087
371	0.9648037547	0.2066575644	0.9648037547	0.9305680794
372	0.9651105538	0.206471648	0.9651105538	0.9306306306
373	0.9651989811	0.2060466429	0.9651989811	0.9308402793
374	0.9644733112	0.2052347128	0.9644733112	0.9301172227
375	0.9638121425	0.2047525892	0.9638121425	0.9292155095
376	0.9653110693	0.2041452084	0.9653110693	0.9314388814
377	0.9653758842	0.2039666735	0.9653758842	0.9312598603
378	0.9656413605	0.2036122634	0.9656413605	0.9318899414
379	0.9656413605	0.20306775	0.9656413605	0.9318899414
380	0.9664144316	0.2028138405	0.9664144316	0.9333935426
381	0.9659309583	0.2021916925	0.9659309583	0.9329116783
382	0.9660195788	0.2016695015	0.9660195788	0.9331224582
383	0.9659309583	0.2013312459	0.9659309583	0.9329116783
384	0.9659309583	0.2013260978	0.9659309583	0.9329116783
385	0.9661082157	0.2010149599	0.9661082157	0.9333333333
386	0.9662855381	0.2008664415	0.9662855381	0.9337553697
387	0.9666160242	0.2000517811	0.9666160242	0.9342075514
388	0.9663097274	0.199732452	0.9663097274	0.9341479973
389	0.9657129342	0.1992528684	0.9657129342	0.9330619629
390	0.9664872098	0.1987869783	0.9664872098	0.9345709758
391	0.9664227219	0.1983930838	0.9664227219	0.9347530585
392	0.9669066797	0.1979958458	0.9669066797	0.9352355072
393	0.9672619763	0.1974255808	0.9672619763	0.9360834089
394	0.9669954794	0.1967684054	0.9669954794	0.9354473386
395	0.9671731277	0.196184054	0.9671731277	0.9358712894
396	0.9675926573	0.1955557038	0.9675926573	0.936536718
397	0.9685205403	0.1948956043	0.9685205403	0.9380811976
398	0.9688509922	0.1941982341	0.9688509922	0.9385348152
399	0.9696896704	0.1936025696	0.9696896704	0.9398683912
400	0.970412785	0.1932541582	0.970412785	0.9405895692
401	0.970412785	0.1926297394	0.970412785	0.9405895692
402	0.9709208206	0.1920690831	0.9709208206	0.9414700544
403	0.970439075	0.1915985777	0.970439075	0.9409895597
404	0.9710365254	0.1913453318	0.9710365254	0.9420849421
405	0.9708847612	0.1909948621	0.9708847612	0.942058623
406	0.9706173003	0.1909386544	0.9706173003	0.9414168937
407	0.9704917355	0.1904407966	0.9704917355	0.9417917235
408	0.9711523695	0.1898928909	0.9711523695	0.9427012278
409	0.9722667127	0.1893496177	0.9722667127	0.9436875568
410	0.9715449134	0.1887236908	0.9715449134	0.9429675074
411	0.9713665193	0.188414451	0.9713665193	0.9425391778
412	0.971723373	0.1881168803	0.971723373	0.9433962264
413	0.9728023099	0.1877693042	0.9728023099	0.9449749886
414	0.9726237119	0.1871478649	0.9726237119	0.9445454545
415	0.9732213574	0.1868942006	0.9732213574	0.9456447578
416	0.9734000889	0.1865870156	0.9734000889	0.9460750853
417	0.9734000889	0.1861143028	0.9734000889	0.9460750853
418	0.9725272533	0.1858742982	0.9725272533	0.9453302961
419	0.972678592	0.1852916139	0.972678592	0.9453551913
420	0.9730362381	0.1846456551	0.9730362381	0.9462169553
421	0.9732151599	0.1841707324	0.9732151599	0.9466484268
422	0.9740543343	0.1835541591	0.9740543343	0.9479927007
423	0.9739647971	0.1834436017	0.9739647971	0.9477765108
424	0.974294732	0.1829436711	0.974294732	0.9482326112
425	0.9741156718	0.1825762792	0.9741156718	0.9478003191
426	0.974535017	0.1821636574	0.974535017	0.9484724122
427	0.974803734	0.1818435807	0.974803734	0.9491216062
428	0.975133516	0.1813119173	0.975133516	0.9495779147
429	0.9756425013	0.1809141581	0.9756425013	0.9504679297
430	0.9755528445	0.1808848925	0.9755528445	0.9502510269
431	0.974982961	0.1802917166	0.974982961	0.9495548961
432	0.9755817949	0.1794800025	0.9755817949	0.9506624029
433	0.9750725992	0.1786666721	0.9750725992	0.9497716895
434	0.9754921061	0.1782926123	0.9754921061	0.9504453071
435	0.9764207497	0.1779179642	0.9764207497	0.9520109689
436	0.976810576	0.1775646116	0.976810576	0.9522722083
437	0.976810576	0.1774309906	0.976810576	0.9522722083
438	0.9770501991	0.1773525775	0.9770501991	0.9525114155
439	0.9757005285	0.1769283134	0.9757005285	0.9512920192
440	0.9761807885	0.1765213737	0.9761807885	0.9517714286
441	0.9765708406	0.1758257749	0.9765708406	0.9520328917
442	0.9763913745	0.1754254679	0.9763913745	0.9515981735
443	0.9760012935	0.1752077483	0.9760012935	0.9513365319
444	0.9765708406	0.1749418017	0.9765708406	0.9520328917
445	0.9762412526	0.174720508	0.9762412526	0.9515760621
446	0.976779942	0.1745695986	0.976779942	0.9528819762
447	0.9766901192	0.1744058394	0.9766901192	0.952664075
448	0.9767503728	0.1739414534	0.9767503728	0.9524680073
449	0.9764501549	0.1736147778	0.9764501549	0.9524245197
450	0.977199492	0.1731265067	0.977199492	0.9535575383
451	0.9773493764	0.17277171	0.9773493764	0.9535787789
452	0.9774691618	0.1723504416	0.9774691618	0.9542124542
453	0.9780089483	0.1719698558	0.9780089483	0.9555249885
454	0.9777389806	0.1715829368	0.9777389806	0.9548682703
455	0.97749912	0.1710352923	0.97749912	0.9546287809
456	0.9774391048	0.17049992	0.9774391048	0.9548268746
457	0.9775890917	0.1701457087	0.9775890917	0.9548475819
458	0.9778289532	0.1699527817	0.9778289532	0.9550870761
459	0.9777389806	0.1697982393	0.9777389806	0.9548682703
460	0.9777389806	0.1695408118	0.9777389806	0.9548682703
461	0.9780687023	0.1692217799	0.9780687023	0.9553264605
462	0.9785783619	0.1689821758	0.9785783619	0.9562227825
463	0.9785783619	0.1686829468	0.9785783619	0.9562227825
464	0.978817889	0.1682964846	0.978817889	0.9564619615
465	0.9786378552	0.167941311	0.9786378552	0.9560238204
466	0.9794175736	0.1672990297	0.9794175736	0.957578537
467	0.979597808	0.1671147297	0.979597808	0.958017894
468	0.979538687	0.1666386089	0.979538687	0.9582185491
469	0.979597808	0.1662603735	0.979597808	0.958017894
470	0.9795076825	0.1660576199	0.9795076825	0.9577981651
471	0.9794175736	0.1657485412	0.9794175736	0.957578537
472	0.9793274813	0.165155177	0.9793274813	0.9573590096
473	0.9795667864	0.1649907918	0.9795667864	0.957597983
474	0.9795076825	0.1647744252	0.9795076825	0.9577981651
475	0.9797469895	0.1643188876	0.9797469895	0.9580371474
476	0.9809150478	0.1636560714	0.9809150478	0.9598531773
477	0.9813607567	0.1631000379	0.9813607567	0.959908362
478	0.9814828746	0.162384633	0.9814828746	0.9605504587
479	0.9814245982	0.1618583592	0.9814245982	0.9607528116
480	0.9815148607	0.1617854709	0.9815148607	0.9609733701
481	0.981366273	0.1615856184	0.981366273	0.9609554433
482	0.9814565679	0.1611178714	0.9814565679	0.9611762003
483	0.9817275522	0.1608332471	0.9817275522	0.9618390805
484	0.9815468794	0.1606618433	0.9815468794	0.9613970588
485	0.9814565679	0.1602384123	0.9814565679	0.9611762003
486	0.9824183992	0.1596177662	0.9824183992	0.9631845375
487	0.9825088446	0.1594841525	0.9825088446	0.963406214
488	0.983167201	0.1590891266	0.983167201	0.9643268124
489	0.9832576978	0.158892684	0.9832576978	0.9645488029
490	0.9832576978	0.1588742159	0.9832576978	0.9645488029
491	0.9826897852	0.1585025874	0.9826897852	0.9638498734
492	0.9825993066	0.1583188385	0.9825993066	0.9636279926
493	0.9827802806	0.1580216918	0.9827802806	0.9640718563
494	0.983109558	0.1579071587	0.983109558	0.9645324735
495	0.983767831	0.1575354229	0.983767831	0.965453708
496	0.9835292882	0.1573321648	0.9835292882	0.9652153882
497	0.983948976	0.1570404871	0.983948976	0.9658986175
498	0.9841301878	0.1566020408	0.9841301878	0.9663439373
499	0.9840729194	0.1562308313	0.9840729194	0.9665513264
500	0.9836198517	0.1557708909	0.9836198517	0.965437788
501	0.9833811962	0.1554702644	0.9833811962	0.9651993547
502	0.983175333	0.1550403056	0.983175333	0.96538994
503	0.9832659611	0.154720704	0.9832659611	0.9656127394
504	0.9832659611	0.1545211533	0.9832659611	0.9656127394
505	0.9835954892	0.1540421841	0.9835954892	0.9660743134
506	0.9847079158	0.1533733197	0.9847079158	0.9681146026
507	0.9844356742	0.1531085127	0.9844356742	0.9674440083
508	0.984980308	0.1526625524	0.984980308	0.9687861272
509	0.9854005415	0.1521082166	0.9854005415	0.9694727105
510	0.9854005415	0.1519264303	0.9854005415	0.9694727105
511	0.9854914065	0.1513549445	0.9854914065	0.9696969697
512	0.9853437322	0.1510792506	0.9853437322	0.9696829438
513	0.9854346302	0.1507217437	0.9854346302	0.9699074074
514	0.985252851	0.150400494	0.985252851	0.969458584
515	0.9854005415	0.150097543	0.9854005415	0.9694727105
516	0.9855822883	0.1496586483	0.9855822883	0.9699213327
517	0.9858550344	0.149413688	0.9858550344	0.9705950451
518	0.9856731869	0.1488279167	0.9856731869	0.9701457996
519	0.9861844297	0.1483763137	0.9861844297	0.9710581153
520	0.986036949	0.1479812912	0.986036949	0.971044707
521	0.9857983897	0.1474806288	0.9857983897	0.9708063021
522	0.9857983897	0.1473783108	0.9857983897	0.9708063021
523	0.9864573789	0.1469322389	0.9864573789	0.9717330862
524	0.9865483956	0.1466220357	0.9865483956	0.9719582851
525	0.9862189307	0.1462197358	0.9862189307	0.9714947856
526	0.9859803703	0.1459167424	0.9859803703	0.9712563746
527	0.9864920293	0.1456401284	0.9864920293	0.9721706865
528	0.9867304793	0.1455055297	0.9867304793	0.9724089961
529	0.9868215463	0.1451765889	0.9868215463	0.9726345083
530	0.9867304793	0.144801677	0.9867304793	0.9724089961
531	0.9866047145	0.1443440893	0.9866047145	0.9717461788
532	0.9867867322	0.14402644	0.9867867322	0.9721964782
533	0.9872070428	0.1435973049	0.9872070428	0.9728852839
534	0.9872070428	0.1431338716	0.9872070428	0.9728852839
535	0.9874802977	0.1428266579	0.9874802977	0.9735621521
536	0.9876625517	0.1425948789	0.9876625517	0.9740139211
537	0.987753704	0.1422964855	0.987753704	0.9742399629
538	0.9870037308	0.1416869574	0.9870037308	0.9730858469
539	0.9872981109	0.1412420151	0.9872981109	0.973110802
540	0.9872630694	0.1409516858	0.9872630694	0.9726725336
541	0.9873891959	0.1406870707	0.9873891959	0.9733364248
542	0.9873891959	0.1404468889	0.9873891959	0.9733364248
543	0.9873891959	0.1403195846	0.9873891959	0.9733364248
544	0.9879918209	0.1398961719	0.9879918209	0.9744779582
545	0.9876273107	0.1395666221	0.9876273107	0.9735744089
546	0.9876273107	0.1392031107	0.9876273107	0.9735744089
547	0.9878095322	0.1389343346	0.9878095322	0.974025974
548	0.9882298258	0.1386764787	0.9882298258	0.9747158432
549	0.9882298258	0.1384670382	0.9882298258	0.9747158432
550	0.98886837	0.1379092534	0.98886837	0.9763011152
551	0.9886858446	0.1376392971	0.9886858446	0.9758476544
552	0.9879714861	0.1375189249	0.9879714861	0.9751336277
553	0.9882097177	0.1374672313	0.9882097177	0.9753717472
554	0.9884478372	0.1369273353	0.9884478372	0.9756097561
555	0.9886858446	0.1367638574	0.9886858446	0.9758476544
556	0.9885033866	0.1364206236	0.9885033866	0.9753946147
557	0.9885946072	0.1363276087	0.9885946072	0.975621082
558	0.9885946072	0.1362192225	0.9885946072	0.975621082
559	0.9886858446	0.1358664191	0.9886858446	0.9758476544
560	0.9886858446	0.1354149765	0.9886858446	0.9758476544
561	0.98886837	0.1347156012	0.98886837	0.9763011152
562	0.98886837	0.1346026059	0.98886837	0.9763011152
563	0.9890509628	0.1344913636	0.9890509628	0.9767549977
564	0.9891422845	0.1341742857	0.9891422845	0.9769820972
565	0.9893249785	0.1337851169	0.9893249785	0.9774366132
566	0.9892336231	0.1334360397	0.9892336231	0.9772093023
567	0.9891422845	0.1331242876	0.9891422845	0.9769820972
568	0.9894715214	0.1326742328	0.9894715214	0.9774471053
569	0.98965425	0.1321774171	0.98965425	0.9779018376
570	0.9897456397	0.1318903711	0.9897456397	0.9781293625
571	0.9897456397	0.1315533181	0.9897456397	0.9781293625
572	0.9898370462	0.1311960741	0.9898370462	0.9783569933
573	0.9899284696	0.1309743281	0.9899284696	0.97858473
574	0.9899284696	0.1306924328	0.9899284696	0.97858473
575	0.9902943321	0.1303464159	0.9902943321	0.9794967381
576	0.990111367	0.1300768641	0.990111367	0.9790405217
577	0.990111367	0.129936135	0.990111367	0.9790405217
578	0.9902943321	0.1297629944	0.9902943321	0.9794967381
579	0.9900199099	0.1293363386	0.9900199099	0.9788125728
580	0.9900199099	0.1292191886	0.9900199099	0.9788125728
581	0.9899284696	0.1288742072	0.9899284696	0.97858473
582	0.99038584	0.1285714344	0.99038584	0.9797250058
583	0.9902028411	0.1281998293	0.9902028411	0.9792685768
584	0.9906236307	0.1281266321	0.9906236307	0.9799627213
585	0.990952835	0.1277777398	0.990952835	0.9804287046
586	0.9912275133	0.1274036199	0.9912275133	0.9811144789
587	0.9912275133	0.127208116	0.9912275133	0.9811144789
588	0.9913191066	0.1270171852	0.9913191066	0.9813432836
589	0.9913191066	0.1268494994	0.9913191066	0.9813432836
590	0.9914107168	0.1266161022	0.9914107168	0.981572195
591	0.9914107168	0.1264580203	0.9914107168	0.981572195
592	0.991135937	0.1260743303	0.991135937	0.9808857809
593	0.991135937	0.1258744278	0.991135937	0.9808857809
594	0.9914107168	0.1255390813	0.9914107168	0.981572195
595	0.9916482859	0.1251307841	0.9916482859	0.9818097015
596	0.991502344	0.1250219845	0.991502344	0.9818012133
597	0.991502344	0.1246920479	0.991502344	0.9818012133
598	0.9919607339	0.1241390651	0.9919607339	0.9829479094
599	0.9919607339	0.1240298857	0.9919607339	0.9829479094
600	0.991869022	0.1239332871	0.991869022	0.9827183559
601	0.9920148976	0.1236272346	0.9920148976	0.9827264239
602	0.9920148976	0.1235146008	0.9920148976	0.9827264239
603	0.9920148976	0.1233183249	0.9920148976	0.9827264239
604	0.9920148976	0.1232481028	0.9920148976	0.9827264239
605	0.9919607339	0.1229454202	0.9919607339	0.9829479094
606	0.9917773271	0.1227879775	0.9917773271	0.9824889096
607	0.991869022	0.1225157859	0.991869022	0.9827183559
608	0.9919607339	0.1224586482	0.9919607339	0.9829479094
609	0.991869022	0.1220924832	0.991869022	0.9827183559
610	0.991869022	0.1217183661	0.991869022	0.9827183559
611	0.991869022	0.121592703	0.991869022	0.9827183559
612	0.991869022	0.1212905509	0.991869022	0.9827183559
613	0.9920524627	0.120906013	0.9920524627	0.9831775701
614	0.9916313391	0.1207932711	0.9916313391	0.9824807288
615	0.9919607339	0.1204001159	0.9919607339	0.9829479094
616	0.9919607339	0.1202769106	0.9919607339	0.9829479094
617	0.9919607339	0.1200005427	0.9919607339	0.9829479094
618	0.9919607339	0.1197783979	0.9919607339	0.9829479094
619	0.9919607339	0.1196561675	0.9919607339	0.9829479094
620	0.9919607339	0.1195214418	0.9919607339	0.9829479094
621	0.9919607339	0.1192484957	0.9919607339	0.9829479094
622	0.9921442085	0.1190281743	0.9921442085	0.9834073382
623	0.9922359713	0.1188133049	0.9922359713	0.9836372137
624	0.9923277511	0.1185987763	0.9923277511	0.9838671966
625	0.9924195478	0.1183884203	0.9924195478	0.9840972872
626	0.9925113615	0.118183963	0.9925113615	0.9843274854
627	0.9929326138	0.1179054732	0.9929326138	0.985025737
628	0.9930244788	0.1177241044	0.9930244788	0.9852562602
629	0.9932082599	0.1172095129	0.9932082599	0.9857176305
630	0.9932082599	0.116893107	0.9932082599	0.9857176305
631	0.993392109	0.1165034548	0.993392109	0.9861794331
632	0.993392109	0.1163873221	0.993392109	0.9861794331
633	0.993484059	0.1160828974	0.993484059	0.9864104967
634	0.993484059	0.1158561485	0.993484059	0.9864104967
635	0.993484059	0.1157762628	0.993484059	0.9864104967
636	0.993484059	0.1157582296	0.993484059	0.9864104967
637	0.993484059	0.1156374774	0.993484059	0.9864104967
638	0.99381349	0.1153501613	0.99381349	0.9868791003
639	0.99381349	0.1151906848	0.99381349	0.9868791003
640	0.99381349	0.1150633982	0.99381349	0.9868791003
641	0.9939588742	0.1148359238	0.9939588742	0.9868852459
642	0.9939588742	0.1146359082	0.9939588742	0.9868852459
643	0.9939588742	0.1145162262	0.9939588742	0.9868852459
644	0.9942348281	0.1141452096	0.9942348281	0.9875790954
645	0.9942348281	0.1138463603	0.9942348281	0.9875790954
646	0.9942348281	0.1136308303	0.9942348281	0.9875790954
647	0.9941428265	0.1133617784	0.9941428265	0.9873477038
648	0.9940508418	0.1131725498	0.9940508418	0.9871164207
649	0.9938669235	0.1129126129	0.9938669235	0.9866541793
650	0.9939588742	0.1127590041	0.9939588742	0.9868852459
651	0.9937749899	0.1124853658	0.9937749899	0.986423221
652	0.9938669235	0.1121933116	0.9938669235	0.9866541793
653	0.9940508418	0.1120144665	0.9940508418	0.9871164207
654	0.9940508418	0.1118141459	0.9940508418	0.9871164207
655	0.9941428265	0.1116920347	0.9941428265	0.9873477038
656	0.9940508418	0.1114169232	0.9940508418	0.9871164207
657	0.9943800666	0.1111253662	0.9943800666	0.9875849145
658	0.9941041629	0.1108869919	0.9941041629	0.9868913858
659	0.9942880817	0.1106028964	0.9942880817	0.98735363
660	0.9942880817	0.1104880439	0.9942880817	0.98735363
661	0.9942880817	0.1102469152	0.9942880817	0.98735363
662	0.9942880817	0.1101896997	0.9942880817	0.98735363
663	0.9942880817	0.1100556122	0.9942880817	0.98735363
664	0.9943800666	0.1099225668	0.9943800666	0.9875849145
665	0.9943800666	0.109632015	0.9943800666	0.9875849145
666	0.9943800666	0.1095316751	0.9943800666	0.9875849145
667	0.9946561234	0.1092031461	0.9946561234	0.9882794187
668	0.9946561234	0.1089280057	0.9946561234	0.9882794187
669	0.9946561234	0.1087240381	0.9946561234	0.9882794187
670	0.9942348281	0.1085493664	0.9942348281	0.9875790954
671	0.9945640875	0.1082803309	0.9945640875	0.9880478088
672	0.9946561234	0.1080287411	0.9946561234	0.9882794187
673	0.9947481765	0.1079641828	0.9947481765	0.9885111372
674	0.9948402465	0.1074300361	0.9948402465	0.9887429644
675	0.9948402465	0.107400546	0.9948402465	0.9887429644
676	0.9947481765	0.1072778443	0.9947481765	0.9885111372
677	0.9947481765	0.1070989594	0.9947481765	0.9885111372
678	0.9947481765	0.1069481079	0.9947481765	0.9885111372
679	0.9947481765	0.1067337185	0.9947481765	0.9885111372
680	0.9948402465	0.1065336456	0.9948402465	0.9887429644
681	0.9946561234	0.1063335747	0.9946561234	0.9882794187
682	0.9946561234	0.1062565324	0.9946561234	0.9882794187
683	0.9947481765	0.1060909926	0.9947481765	0.9885111372
684	0.9949323336	0.1058598193	0.9949323336	0.9889749003
685	0.9950244378	0.1057796337	0.9950244378	0.9892069451
686	0.9946950921	0.105536749	0.9946950921	0.9887376818
687	0.994787196	0.1053494015	0.994787196	0.9889697254
688	0.994787196	0.1052684661	0.994787196	0.9889697254
689	0.9950636102	0.1049367425	0.9950636102	0.9896665101
690	0.9950636102	0.1048721496	0.9950636102	0.9896665101
691	0.9953008526	0.1047134759	0.9953008526	0.9899037333
692	0.9953008526	0.1044080492	0.9953008526	0.9899037333
693	0.995537983	0.1041497517	0.995537983	0.9901408451
694	0.995537983	0.1037972274	0.995537983	0.9901408451
695	0.995814552	0.1036921669	0.995814552	0.9908386187
696	0.995814552	0.1033895726	0.995814552	0.9908386187
697	0.995814552	0.1033023336	0.995814552	0.9908386187
698	0.9954852145	0.1030179655	0.9954852145	0.9903688043
699	0.9954852145	0.1028218333	0.9954852145	0.9903688043
700	0.9956696447	0.1026622395	0.9956696447	0.9908343126
701	0.995814552	0.1023399944	0.995814552	0.9908386187
702	0.9959990168	0.1021073392	0.9959990168	0.9913043478
703	0.9959067759	0.1019545892	0.9959067759	0.9910714286
704	0.9960912748	0.101867379	0.9960912748	0.9915373766
705	0.9960912748	0.1017099892	0.9960912748	0.9915373766
706	0.9960912748	0.101446044	0.9960912748	0.9915373766
707	0.9961835499	0.1011380506	0.9961835499	0.9917705149
708	0.9961835499	0.1010258328	0.9961835499	0.9917705149
709	0.996275842	0.1008679873	0.996275842	0.9920037629
710	0.996275842	0.1007377589	0.996275842	0.9920037629
711	0.996275842	0.1004973639	0.996275842	0.9920037629
712	0.996275842	0.1004113024	0.996275842	0.9920037629
713	0.9960912748	0.1003105012	0.9960912748	0.9915373766
714	0.9960912748	0.1002250216	0.9960912748	0.9915373766
715	0.9959990168	0.1000619729	0.9959990168	0.9913043478
716	0.9959067759	0.09979267092	0.9959067759	0.9910714286
717	0.9960912748	0.09961317048	0.9960912748	0.9915373766
718	0.9959990168	0.09957157163	0.9959990168	0.9913043478
719	0.9959990168	0.09950394878	0.9959990168	0.9913043478
720	0.9959067759	0.09935703664	0.9959067759	0.9910714286
721	0.9959067759	0.09919053984	0.9959067759	0.9910714286
722	0.9959990168	0.0988998483	0.9959990168	0.9913043478
723	0.9959990168	0.09863967012	0.9959990168	0.9913043478
724	0.9963282944	0.09833727573	0.9963282944	0.9917743831
725	0.9963282944	0.09819546996	0.9963282944	0.9917743831
726	0.9962360362	0.09797910718	0.9962360362	0.9915413534
727	0.9962360362	0.09774293166	0.9962360362	0.9915413534
728	0.9963807025	0.09750320973	0.9963807025	0.9915453264
729	0.9964729437	0.09738365845	0.9964729437	0.9917782476
730	0.9964729437	0.09718829855	0.9964729437	0.9917782476
731	0.9964729437	0.09715613249	0.9964729437	0.9917782476
732	0.99674977	0.09691192118	0.99674977	0.9924776681
733	0.99674977	0.09661325755	0.99674977	0.9924776681
734	0.99674977	0.09645154573	0.99674977	0.9924776681
735	0.99674977	0.09612217196	0.99674977	0.9924776681
736	0.99674977	0.09594148021	0.99674977	0.9924776681
737	0.9966574775	0.09581706192	0.9966574775	0.9922444183
738	0.9966574775	0.09569714081	0.9966574775	0.9922444183
739	0.9968420795	0.09553724872	0.9968420795	0.9927110275
740	0.9968822024	0.09539122493	0.9968822024	0.9931748647
741	0.9968822024	0.09515733043	0.9968822024	0.9931748647
742	0.9969745803	0.09494851729	0.9969745803	0.9934086629
743	0.99702675	0.09465170867	0.99702675	0.9931780757
744	0.99702675	0.09455295995	0.99702675	0.9931780757
745	0.99702675	0.09437624033	0.99702675	0.9931780757
746	0.99702675	0.09425466018	0.99702675	0.9931780757
747	0.99702675	0.09394816384	0.99702675	0.9931780757
748	0.99702675	0.09362114081	0.99702675	0.9931780757
749	0.99702675	0.09358232481	0.99702675	0.9931780757
750	0.9970788758	0.0933096848	0.9970788758	0.9929478138
751	0.9970788758	0.09321556237	0.9970788758	0.9929478138
752	0.9969344062	0.0929347512	0.9969344062	0.9929444967
753	0.9969344062	0.09263695761	0.9969344062	0.9929444967
754	0.9969344062	0.09256940714	0.9969344062	0.9929444967
755	0.9969344062	0.09241750592	0.9969344062	0.9929444967
756	0.9971712027	0.09204401807	0.9971712027	0.9931812838
757	0.9971712027	0.09178530157	0.9971712027	0.9931812838
758	0.9971712027	0.09163608974	0.9971712027	0.9931812838
759	0.9973559076	0.09146843217	0.9973559076	0.9936485533
760	0.9971712027	0.09124103992	0.9971712027	0.9931812838
761	0.9971712027	0.0912066471	0.9971712027	0.9931812838
762	0.9970788758	0.09101858895	0.9970788758	0.9929478138
763	0.9971712027	0.09087556448	0.9971712027	0.9931812838
764	0.9971712027	0.09069888058	0.9971712027	0.9931812838
765	0.9973559076	0.09051316349	0.9973559076	0.9936485533
766	0.9974482857	0.0903960806	0.9974482857	0.9938823529
767	0.997540681	0.09032810571	0.997540681	0.9941162627
768	0.997540681	0.09015128593	0.997540681	0.9941162627
769	0.997540681	0.08992693919	0.997540681	0.9941162627
770	0.9978179695	0.0897713882	0.9978179695	0.9948186528
771	0.9978179695	0.08958971245	0.9978179695	0.9948186528
772	0.9978179695	0.08948361997	0.9978179695	0.9948186528
773	0.9978179695	0.08940025856	0.9978179695	0.9948186528
774	0.9978179695	0.08931612385	0.9978179695	0.9948186528
775	0.9977255228	0.08908963917	0.9977255228	0.9945844125
776	0.9977255228	0.08883753253	0.9977255228	0.9945844125
777	0.9977255228	0.08876632432	0.9977255228	0.9945844125
778	0.9976330934	0.08866529337	0.9976330934	0.9943502825
779	0.9976330934	0.08846087048	0.9976330934	0.9943502825
780	0.997540681	0.0883276771	0.997540681	0.9941162627
781	0.9974482857	0.08818246229	0.9974482857	0.9938823529
782	0.997540681	0.08795505064	0.997540681	0.9941162627
783	0.9976330934	0.0877273848	0.9976330934	0.9943502825
784	0.9977255228	0.08751090513	0.9977255228	0.9945844125
785	0.9977255228	0.08728506457	0.9977255228	0.9945844125
786	0.9977255228	0.08700694098	0.9977255228	0.9945844125
787	0.9979622081	0.08667305767	0.9979622081	0.9948210923
788	0.9979622081	0.08651145917	0.9979622081	0.9948210923
789	0.9981471187	0.08631059917	0.9981471187	0.9952896844
790	0.9981471187	0.08627803271	0.9981471187	0.9952896844
791	0.9980546549	0.08614698995	0.9980546549	0.9950553332
792	0.9981471187	0.08609143918	0.9981471187	0.9952896844
793	0.9980546549	0.08600307781	0.9980546549	0.9950553332
794	0.9980546549	0.08582892858	0.9980546549	0.9950553332
795	0.9979622081	0.08569567713	0.9979622081	0.9948210923
796	0.9978697786	0.08551826776	0.9978697786	0.9945869616
797	0.9977773661	0.08544286377	0.9977773661	0.9943529412
798	0.9981471187	0.08528979139	0.9981471187	0.9952896844
799	0.998424613	0.08514448273	0.998424613	0.9959934009
800	0.998424613	0.084820392	0.998424613	0.9959934009
801	0.9983320978	0.08467585977	0.9983320978	0.9957587182
802	0.998424613	0.08442733827	0.998424613	0.9959934009
803	0.998424613	0.08436721577	0.998424613	0.9959934009
804	0.9985171454	0.08419016143	0.9985171454	0.9962281942
805	0.9982804597	0.08396606893	0.9982804597	0.9959915114
806	0.9982804597	0.08373501668	0.9982804597	0.9959915114
807	0.9982804597	0.08353114049	0.9982804597	0.9959915114
808	0.9982804597	0.08325670732	0.9982804597	0.9959915114
809	0.9982804597	0.08303693066	0.9982804597	0.9959915114
810	0.9982804597	0.08285127147	0.9982804597	0.9959915114
811	0.9982804597	0.0826699543	0.9982804597	0.9959915114
812	0.9982804597	0.08253431737	0.9982804597	0.9959915114
813	0.9982804597	0.08248330508	0.9982804597	0.9959915114
814	0.9982804597	0.08243766954	0.9982804597	0.9959915114
815	0.9982804597	0.08231065352	0.9982804597	0.9959915114
816	0.9982804597	0.08216843213	0.9982804597	0.9959915114
817	0.9982804597	0.08208393595	0.9982804597	0.9959915114
818	0.9982804597	0.08202723647	0.9982804597	0.9959915114
819	0.9982804597	0.08190830268	0.9982804597	0.9959915114
820	0.998609695	0.08176021738	0.998609695	0.9964630983
821	0.9985171454	0.08154991187	0.9985171454	0.9962281942
822	0.998609695	0.0814393061	0.998609695	0.9964630983
823	0.998609695	0.08131934016	0.998609695	0.9964630983
824	0.998609695	0.08104558135	0.998609695	0.9964630983
825	0.998609695	0.08093539315	0.998609695	0.9964630983
826	0.998609695	0.08076296374	0.998609695	0.9964630983
827	0.9985171454	0.08052565922	0.9985171454	0.9962281942
828	0.9985171454	0.08033171657	0.9985171454	0.9962281942
829	0.9983320978	0.08003157244	0.9983320978	0.9957587182
830	0.9985171454	0.07987851672	0.9985171454	0.9962281942
831	0.998609695	0.07961645165	0.998609695	0.9964630983
832	0.998609695	0.07957925791	0.998609695	0.9964630983
833	0.998609695	0.0795471437	0.998609695	0.9964630983
834	0.998609695	0.07937234874	0.998609695	0.9964630983
835	0.998609695	0.07922056353	0.998609695	0.9964630983
836	0.998609695	0.07907808222	0.998609695	0.9964630983
837	0.998609695	0.07892794804	0.998609695	0.9964630983
838	0.998609695	0.07886793061	0.998609695	0.9964630983
839	0.998609695	0.07877768934	0.998609695	0.9964630983
840	0.998609695	0.07863144422	0.998609695	0.9964630983
841	0.998609695	0.0784603977	0.998609695	0.9964630983
842	0.998609695	0.07829556185	0.998609695	0.9964630983
843	0.998609695	0.07826117968	0.998609695	0.9964630983
844	0.998609695	0.07812432985	0.998609695	0.9964630983
845	0.9985171454	0.07792333125	0.9985171454	0.9962281942
846	0.998609695	0.07762415618	0.998609695	0.9964630983
847	0.998609695	0.07750494031	0.998609695	0.9964630983
848	0.9987948456	0.0773426518	0.9987948456	0.996933239
849	0.9988874466	0.07718399323	0.9988874466	0.9971684757
850	0.9988874466	0.07714298453	0.9988874466	0.9971684757
851	0.9987948456	0.07699318648	0.9987948456	0.996933239
852	0.9987948456	0.07692652919	0.9987948456	0.996933239
853	0.9987948456	0.07688572032	0.9987948456	0.996933239
854	0.9987948456	0.07673190588	0.9987948456	0.996933239
855	0.9987948456	0.07659602717	0.9987948456	0.996933239
856	0.9987022617	0.07650212038	0.9987022617	0.9966981132
857	0.9987022617	0.07629144859	0.9987022617	0.9966981132
858	0.9987948456	0.07604241912	0.9987948456	0.996933239
859	0.9988874466	0.07573148337	0.9988874466	0.9971684757
860	0.9988874466	0.07565681806	0.9988874466	0.9971684757
861	0.9988874466	0.07554272303	0.9988874466	0.9971684757
862	0.9988874466	0.07545448685	0.9988874466	0.9971684757
863	0.9988874466	0.07525226492	0.9988874466	0.9971684757
864	0.9988874466	0.07507706352	0.9988874466	0.9971684757
865	0.9987948456	0.07491935475	0.9987948456	0.996933239
866	0.9988874466	0.07481546701	0.9988874466	0.9971684757
867	0.9988874466	0.07475715118	0.9988874466	0.9971684757
868	0.9987948456	0.0744985592	0.9987948456	0.996933239
869	0.9987948456	0.07440683798	0.9987948456	0.996933239
870	0.9987948456	0.07422181369	0.9987948456	0.996933239
871	0.9987948456	0.07391000939	0.9987948456	0.996933239
872	0.9988874466	0.0736578984	0.9988874466	0.9971684757
873	0.9988874466	0.07348188474	0.9988874466	0.9971684757
874	0.9989800649	0.07334082302	0.9989800649	0.9974038235
875	0.9989800649	0.07321133248	0.9989800649	0.9974038235
876	0.9989800649	0.07302627341	0.9989800649	0.9974038235
877	0.9989800649	0.07289506857	0.9989800649	0.9974038235
878	0.9990727003	0.07283115759	0.9990727003	0.9976392823
879	0.9990727003	0.07271249563	0.9990727003	0.9976392823
880	0.9990727003	0.07259836134	0.9990727003	0.9976392823
881	0.9990727003	0.07236242708	0.9990727003	0.9976392823
882	0.9990727003	0.07225374498	0.9990727003	0.9976392823
883	0.9990727003	0.07216646184	0.9990727003	0.9976392823
884	0.9990727003	0.07206411713	0.9990727003	0.9976392823
885	0.9990727003	0.07192732058	0.9990727003	0.9976392823
886	0.9990727003	0.07186154422	0.9990727003	0.9976392823
887	0.9990727003	0.07169815506	0.9990727003	0.9976392823
888	0.9991653528	0.07167399718	0.9991653528	0.9978748524
889	0.9991653528	0.07160292601	0.9991653528	0.9978748524
890	0.9991653528	0.0713886506	0.9991653528	0.9978748524
891	0.9991653528	0.07128343298	0.9991653528	0.9978748524
892	0.9990727003	0.07118364824	0.9990727003	0.9976392823
893	0.9990727003	0.07094380232	0.9990727003	0.9976392823
894	0.9991653528	0.07081713866	0.9991653528	0.9978748524
895	0.9991653528	0.07063762992	0.9991653528	0.9978748524
896	0.9991653528	0.07055156248	0.9991653528	0.9978748524
897	0.9991653528	0.07042795878	0.9991653528	0.9978748524
898	0.9991653528	0.07006846873	0.9991653528	0.9978748524
899	0.9991653528	0.06997287945	0.9991653528	0.9978748524
900	0.9992580226	0.06986758897	0.9992580226	0.9981105338
901	0.9991653528	0.06973203098	0.9991653528	0.9978748524
902	0.9990727003	0.06965921929	0.9990727003	0.9976392823
903	0.9990727003	0.06952228007	0.9990727003	0.9976392823
904	0.9990727003	0.06940729317	0.9990727003	0.9976392823
905	0.9990727003	0.06921479236	0.9990727003	0.9976392823
906	0.9990727003	0.06905140763	0.9990727003	0.9976392823
907	0.9991653528	0.06892729762	0.9991653528	0.9978748524
908	0.9991653528	0.0687823726	0.9991653528	0.9978748524
909	0.9991653528	0.06863158861	0.9991653528	0.9978748524
910	0.9990727003	0.06849460651	0.9990727003	0.9976392823
911	0.9990727003	0.0684379568	0.9990727003	0.9976392823
912	0.9990727003	0.06829020312	0.9990727003	0.9976392823
913	0.9989800649	0.06806668818	0.9989800649	0.9974038235
914	0.9989800649	0.0679055749	0.9989800649	0.9974038235
915	0.9990727003	0.06781022303	0.9990727003	0.9976392823
916	0.9990727003	0.06754076254	0.9990727003	0.9976392823
917	0.9990727003	0.06747600838	0.9990727003	0.9976392823
918	0.9990727003	0.06736352552	0.9990727003	0.9976392823
919	0.9990727003	0.06727494857	0.9990727003	0.9976392823
920	0.9991653528	0.06717362245	0.9991653528	0.9978748524
921	0.9992580226	0.066962243	0.9992580226	0.9981105338
922	0.9992580226	0.06691132257	0.9992580226	0.9981105338
923	0.9992580226	0.0668805714	0.9992580226	0.9981105338
924	0.9992580226	0.0668570042	0.9992580226	0.9981105338
925	0.9992580226	0.0667283904	0.9992580226	0.9981105338
926	0.9992580226	0.06658372796	0.9992580226	0.9981105338
927	0.9992580226	0.06645439593	0.9992580226	0.9981105338
928	0.9992580226	0.06635464576	0.9992580226	0.9981105338
929	0.9992580226	0.06611731688	0.9992580226	0.9981105338
930	0.9992580226	0.06608311446	0.9992580226	0.9981105338
931	0.9992580226	0.0659855056	0.9992580226	0.9981105338
932	0.9992580226	0.06589098122	0.9992580226	0.9981105338
933	0.9992580226	0.06582635371	0.9992580226	0.9981105338
934	0.9992580226	0.06572961568	0.9992580226	0.9981105338
935	0.9992580226	0.06567274483	0.9992580226	0.9981105338
936	0.9993507096	0.06553870533	0.9993507096	0.9983463265
937	0.9993507096	0.06546307519	0.9993507096	0.9983463265
938	0.9993507096	0.06520229624	0.9993507096	0.9983463265
939	0.9993507096	0.0649578432	0.9993507096	0.9983463265
940	0.9993507096	0.06485941031	0.9993507096	0.9983463265
941	0.9993507096	0.06472187862	0.9993507096	0.9983463265
942	0.9993507096	0.06464774421	0.9993507096	0.9983463265
943	0.9994434137	0.0645005757	0.9994434137	0.9985822306
944	0.9994434137	0.06445327136	0.9994434137	0.9985822306
945	0.9994434137	0.06435934217	0.9994434137	0.9985822306
946	0.9994434137	0.06419236041	0.9994434137	0.9985822306
947	0.9994434137	0.06407144166	0.9994434137	0.9985822306
948	0.9994434137	0.06398053508	0.9994434137	0.9985822306
949	0.9994434137	0.06387648189	0.9994434137	0.9985822306
950	0.9994434137	0.06380552711	0.9994434137	0.9985822306
951	0.9994434137	0.06367013473	0.9994434137	0.9985822306
952	0.9994434137	0.06360647358	0.9994434137	0.9985822306
953	0.9994434137	0.06343226306	0.9994434137	0.9985822306
954	0.9995361351	0.06321397924	0.9995361351	0.9988182463
955	0.9995361351	0.06313054796	0.9995361351	0.9988182463
956	0.9995361351	0.06297997317	0.9995361351	0.9988182463
957	0.9993507096	0.06274031132	0.9993507096	0.9983463265
958	0.9992580226	0.06257677862	0.9992580226	0.9981105338
959	0.9992580226	0.06253106363	0.9992580226	0.9981105338
960	0.9992580226	0.06241803023	0.9992580226	0.9981105338
961	0.9992580226	0.06235817911	0.9992580226	0.9981105338
962	0.9992580226	0.06213574437	0.9992580226	0.9981105338
963	0.9992580226	0.06204856649	0.9992580226	0.9981105338
964	0.9994434137	0.06185537239	0.9994434137	0.9985822306
965	0.9994434137	0.06177122902	0.9994434137	0.9985822306
966	0.9994434137	0.06167530037	0.9994434137	0.9985822306
967	0.9994434137	0.06159452975	0.9994434137	0.9985822306
968	0.9994434137	0.06147583188	0.9994434137	0.9985822306
969	0.9994434137	0.06138062885	0.9994434137	0.9985822306
970	0.9994434137	0.06131755607	0.9994434137	0.9985822306
971	0.9994434137	0.06120850365	0.9994434137	0.9985822306
972	0.9994434137	0.06112098958	0.9994434137	0.9985822306
973	0.9994434137	0.06097542785	0.9994434137	0.9985822306
974	0.9994434137	0.06086604274	0.9994434137	0.9985822306
975	0.9994434137	0.06079022049	0.9994434137	0.9985822306
976	0.9993507096	0.06070475095	0.9993507096	0.9983463265
977	0.9993507096	0.06058883734	0.9993507096	0.9983463265
978	0.9994434137	0.06045709254	0.9994434137	0.9985822306
979	0.9994434137	0.06033844642	0.9994434137	0.9985822306
980	0.9993507096	0.06022603706	0.9993507096	0.9983463265
981	0.9993507096	0.06017455241	0.9993507096	0.9983463265
982	0.9993507096	0.06011627186	0.9993507096	0.9983463265
983	0.9993507096	0.06006929324	0.9993507096	0.9983463265
984	0.9993507096	0.05995106238	0.9993507096	0.9983463265
985	0.9993507096	0.05991313304	0.9993507096	0.9983463265
986	0.9994434137	0.05982012743	0.9994434137	0.9985822306
987	0.9994434137	0.05971897754	0.9994434137	0.9985822306
988	0.9994434137	0.05967648392	0.9994434137	0.9985822306
989	0.9994434137	0.05961154857	0.9994434137	0.9985822306
990	0.9994434137	0.05951899879	0.9994434137	0.9985822306
991	0.9994434137	0.05946075588	0.9994434137	0.9985822306
992	0.9994434137	0.05923085787	0.9994434137	0.9985822306
993	0.9995361351	0.05912668337	0.9995361351	0.9988182463
994	0.9995361351	0.05892549209	0.9995361351	0.9988182463
995	0.9995361351	0.0588861867	0.9995361351	0.9988182463
996	0.9994434137	0.05880294212	0.9994434137	0.9985822306
997	0.9994434137	0.05860476786	0.9994434137	0.9985822306
998	0.9994434137	0.05854529661	0.9994434137	0.9985822306
999	0.9994434137	0.05850321687	0.9994434137	0.9985822306
1000	0.9994434137	0.05844180426	0.9994434137	0.9985822306
1001	0.9994434137	0.05833937694	0.9994434137	0.9985822306
1002	0.9994434137	0.05824937262	0.9994434137	0.9985822306
1003	0.9994434137	0.05814583992	0.9994434137	0.9985822306
1004	0.9994434137	0.05806800597	0.9994434137	0.9985822306
1005	0.9995361351	0.05792574823	0.9995361351	0.9988182463
1006	0.9995361351	0.05788219101	0.9995361351	0.9988182463
1007	0.9995361351	0.05782161762	0.9995361351	0.9988182463
1008	0.9995361351	0.05774976936	0.9995361351	0.9988182463
1009	0.9995361351	0.05769610719	0.9995361351	0.9988182463
1010	0.9995361351	0.05759278561	0.9995361351	0.9988182463
1011	0.9995361351	0.05745276581	0.9995361351	0.9988182463
